,rmse,mae,r2
Baseline,0.4739281620433394,0.4447365416666667,-0.0007481661667609885
Lasso Regression,0.4739281620433394,0.4447365416666667,-0.0007481661667609885
ElasticNet Regression,0.4739281620433394,0.4447365416666667,-0.0007481661667609885
Ridge Regression,0.47473194578364797,0.4450960170192801,-0.0041455891877710815
Linear Regression,0.4748202726283938,0.44514682549282664,-0.004519279070201332
